<?xml version="1.0" encoding="utf-8"?>
<layer-list xmlns:android="http://schemas.android.com/apk/res/android">
    <!-- Drop Shadow Stack -->
    <item>
        <shape>
            <padding
                android:top="1dp"
                android:right="1dp"
                android:bottom="1dp"
                android:left="1dp"/>
            <solid android:color="#00CCCCCC"/>
            <corners android:radius="@dimen/_5sdp" />
        </shape>
    </item>
    <item>
        <shape>
            <padding
                android:top="1dp"
                android:right="1dp"
                android:bottom="1dp"
                android:left="1dp"/>
            <solid android:color="#10CCCCCC"/>
            <corners android:radius="@dimen/_5sdp" />
        </shape>
    </item>
    <item>
        <shape>
            <padding
                android:top="1dp"
                android:right="1dp"
                android:bottom="1dp"
                android:left="1dp"/>
            <solid android:color="#20CCCCCC"/>
            <corners android:radius="@dimen/_5sdp" />
        </shape>
    </item>
    <item>
        <shape>
            <padding
                android:top="1dp"
                android:right="1dp"
                android:bottom="1dp"
                android:left="1dp"/>
            <solid android:color="#30CCCCCC"/>
            <corners android:radius="@dimen/_5sdp" />
        </shape>
    </item>
    <item>
        <shape>
            <padding
                android:top="1dp"
                android:right="1dp"
                android:bottom="1dp"
                android:left="1dp"/>
            <solid android:color="#50CCCCCC"/>
            <corners android:radius="@dimen/_5sdp" />
        </shape>
    </item>

    <item>

        <shape android:shape="rectangle">

            <solid android:color="#FFF" />
            <corners android:radius="@dimen/_5sdp" />

        </shape>

    </item>
</layer-list>