<?xml version="1.0" encoding="utf-8"?>
<layer-list xmlns:android="http://schemas.android.com/apk/res/android">

    <!-- Drop Shadow Stack -->

    <item>
        <shape>
            <padding
                android:top="2dp"/>
            <solid android:color="#00BDBCBC"/>

        </shape>
    </item>
    <item>
        <shape>
            <padding
                android:top="2dp"/>
            <solid android:color="#10CCCCCC"/>

        </shape>
    </item>
    <item>
        <shape>
            <padding
                android:top="2dp"/>
            <solid android:color="#20CCCCCC"/>

        </shape>
    </item>
    <item>
        <shape>
            <padding
                android:top="2dp"/>
            <solid android:color="#30CCCCCC"/>

        </shape>
    </item>
    <item>
        <shape>
            <padding
                android:top="2dp"/>
            <solid android:color="#40CCCCCC"/>

        </shape>
    </item>
    <item>
        <shape>
            <padding
                android:top="2dp"/>
            <solid android:color="#50CCCCCC"/>

        </shape>
    </item>
    <item>
        <!-- create gradient you want to use with the angle you want to use -->
        <shape android:shape="rectangle">
            <corners
                android:bottomLeftRadius="0dp"
                android:bottomRightRadius="0dp"
                android:topLeftRadius="0dp"
                android:topRightRadius="0dp" />

            <!--<solid android:color="@color/bg_view_fill" />-->


        </shape>
    </item>
    <!-- create the stroke for top, left, bottom and right with the dp you want -->
    <item
        android:bottom="0dp"
        android:left="0dp"
        android:right="0dp"
        android:top="1dp">
        <shape android:shape="rectangle">
            <!-- fill the inside in the color you want (could also be a gradient again if you want to, just change solid to gradient and enter angle, start, maybe center, and end color) -->
            <solid android:color="@color/white" />
            <!--<gradient-->
            <!--android:angle="0"-->
            <!--android:centerColor="#B2FD6F"-->
            <!--android:endColor="#FCA274"-->
            <!--android:startColor="#F392F7" />-->
            <stroke
                android:width="1dp"
                android:color="@color/white" />

            <corners
                android:bottomLeftRadius="0dp"
                android:bottomRightRadius="0dp"
                android:topLeftRadius="0dp"
                android:topRightRadius="0dp" />
        </shape>
    </item>


</layer-list>

